{"11": {"0.01": 0.0, "0.02263157894736842": 0.0, "0.035263157894736843": 0.0, "0.04789473684210526": 0.00030517578125, "0.060526315789473685": 0.00128173828125, "0.0731578947368421": 0.00433349609375, "0.08578947368421051": 0.01080322265625, "0.09842105263157894": 0.02337646484375, "0.11105263157894736": 0.0439453125, "0.12368421052631579": 0.069580078125, "0.13631578947368422": 0.10784912109375, "0.14894736842105263": 0.15185546875, "0.16157894736842104": 0.2005615234375, "0.17421052631578948": 0.236572265625, "0.1868421052631579": 0.29412841796875, "0.19947368421052633": 0.32928466796875, "0.21210526315789474": 0.361572265625, "0.22473684210526315": 0.4000244140625, "0.2373684210526316": 0.42767333984375, "0.25": 0.44610595703125}, "13": {"0.01": 0.0, "0.02263157894736842": 0.0, "0.035263157894736843": 0.0, "0.04789473684210526": 0.00018310546875, "0.060526315789473685": 0.00054931640625, "0.0731578947368421": 0.001953125, "0.08578947368421051": 0.00665283203125, "0.09842105263157894": 0.018310546875, "0.11105263157894736": 0.03753662109375, "0.12368421052631579": 0.06683349609375, "0.13631578947368422": 0.10076904296875, "0.14894736842105263": 0.150146484375, "0.16157894736842104": 0.20367431640625, "0.17421052631578948": 0.25225830078125, "0.1868421052631579": 0.3101806640625, "0.19947368421052633": 0.349853515625, "0.21210526315789474": 0.395263671875, "0.22473684210526315": 0.41473388671875, "0.2373684210526316": 0.4403076171875, "0.25": 0.4639892578125}, "15": {"0.01": 0.0, "0.02263157894736842": 0.0, "0.035263157894736843": 0.0, "0.04789473684210526": 0.0, "0.060526315789473685": 0.00030517578125, "0.0731578947368421": 0.0015869140625, "0.08578947368421051": 0.004638671875, "0.09842105263157894": 0.01495361328125, "0.11105263157894736": 0.0291748046875, "0.12368421052631579": 0.0584716796875, "0.13631578947368422": 0.0975341796875, "0.14894736842105263": 0.1507568359375, "0.16157894736842104": 0.20538330078125, "0.17421052631578948": 0.2613525390625, "0.1868421052631579": 0.3211669921875, "0.19947368421052633": 0.36871337890625, "0.21210526315789474": 0.40899658203125, "0.22473684210526315": 0.439208984375, "0.2373684210526316": 0.45355224609375, "0.25": 0.4766845703125}, "17": {"0.01": 0.0, "0.02263157894736842": 0.0, "0.035263157894736843": 0.0, "0.04789473684210526": 0.0, "0.060526315789473685": 6.103515625e-05, "0.0731578947368421": 0.0009765625, "0.08578947368421051": 0.00299072265625, "0.09842105263157894": 0.010498046875, "0.11105263157894736": 0.02587890625, "0.12368421052631579": 0.05126953125, "0.13631578947368422": 0.0946044921875, "0.14894736842105263": 0.1485595703125, "0.16157894736842104": 0.210205078125, "0.17421052631578948": 0.2781982421875, "0.1868421052631579": 0.3402099609375, "0.19947368421052633": 0.38055419921875, "0.21210526315789474": 0.41900634765625, "0.22473684210526315": 0.45220947265625, "0.2373684210526316": 0.4637451171875, "0.25": 0.4864501953125}}